artist,degree,weighted_degree,total_certifs,max_cert_level,avg_cert_level,collab_rate,annee_median,singles_rate,log_listeners,log_playcount,n_tags,has_lastfm,genre_rap_hiphop,genre_pop,genre_rock,genre_electronic,genre_rnb_soul,genre_chanson_fr,genre_metal,genre_jazz,genre_reggae_latin,genre_classical
NAPS,16,19.542523999999993,28.0,5.0,1.3214285714285714,0.2857142857142857,2018.0,0.8571428571428571,11.538261772783395,15.35498105276698,5,1,0,0,0,1,0,0,0,0,0,0
KALIF HARDCORE,5,4.5895410000000005,0.0,0.0,0.0,0.0,2015.0,0.0,8.068716192714781,10.457631253015656,3,1,1,0,0,0,0,0,0,0,0,0
NINHO,119,130.87440499999997,87.0,5.0,2.1149425287356323,0.25287356321839083,2019.0,0.9540229885057471,12.10540111935848,16.37467606733144,5,1,1,0,0,0,0,0,0,0,0,0
SOFIANE,45,48.51238800000001,15.0,5.0,1.8,0.26666666666666666,2017.0,0.8666666666666667,10.941075139366463,14.288540852234862,5,1,1,0,0,0,0,0,0,0,0,0
L2B,44,45.78561499999999,6.0,2.0,1.0,0.6666666666666666,2023.0,1.0,10.584739261683007,14.32156039579743,4,1,0,0,0,0,0,0,0,0,0,0
VACRA,21,17.710825,2.0,5.0,3.5,0.5,2023.0,1.0,10.931927703227235,13.956971056975014,3,1,0,0,0,0,1,0,0,0,0,0
SNEAZZY,37,38.01199800000001,3.0,0.0,0.0,0.3333333333333333,2020.0,1.0,10.689578478738811,14.492691961096568,2,1,0,0,0,0,0,0,0,0,0,0
LETO,42,36.078305,20.0,5.0,1.75,0.4,2021.0,0.85,11.209114010588564,15.333167116955984,5,1,0,0,0,1,0,0,1,0,0,0
HORNET LA FRAPPE,53,63.70353099999999,17.0,5.0,1.6470588235294117,0.23529411764705882,2018.0,0.7058823529411765,10.652187692216323,13.920629744504572,5,1,1,0,0,0,0,0,0,0,0,0
BOOBA,71,70.886187,54.0,5.0,1.6851851851851851,0.14814814814814814,2017.0,0.8148148148148148,12.181031722286688,16.56907623395559,5,1,1,0,0,0,0,0,0,0,0,0
GAZO,85,79.48926700000001,22.0,5.0,2.6363636363636362,0.5,2022.0,0.8636363636363636,11.797683265904762,15.911334054674722,5,1,1,0,0,0,0,0,0,0,0,0
SCH,58,61.880466000000006,40.0,5.0,1.6,0.125,2019.0,0.9,11.615391796514718,16.569417609401324,5,1,1,0,0,0,0,0,0,0,0,0
ABOU DEBEING,4,6.561577999999999,2.0,2.0,1.0,1.0,2017.0,1.0,9.591171199125986,11.701485853054026,5,1,1,0,0,0,1,0,0,0,0,0
S.PRI NOIR,56,50.243739000000005,6.0,5.0,1.8333333333333333,0.5,2019.0,0.6666666666666666,10.853367787403839,14.129258689640551,4,1,1,0,0,0,0,0,0,0,0,0
KOBA LAD,37,37.205278,20.0,5.0,1.9,0.35,2019.0,0.85,11.215650864312943,15.128474529150399,5,1,1,0,0,0,0,0,0,0,0,0
SDM,8,15.417408,25.0,5.0,2.32,0.32,2021.0,0.96,11.290868822756257,15.64113572266963,5,1,0,0,0,0,0,0,0,1,0,0
MHD,36,32.46924,18.0,5.0,2.4444444444444446,0.16666666666666666,2016.0,0.8888888888888888,11.981071119248956,15.07310583204161,5,1,1,0,0,0,0,0,0,0,1,0
YARO,2,4.0,1.0,2.0,2.0,1.0,2022.0,1.0,10.529960599828081,12.988543943299842,5,1,1,1,0,0,1,0,0,0,0,0
KALASH CRIMINEL,50,47.538205000000005,8.0,2.0,1.0,0.25,2017.0,0.75,10.974694385513637,14.520144017917149,5,1,1,0,0,0,0,0,0,0,0,0
KORE,2,2.571377,5.0,5.0,3.4,0.8,2021.0,0.8,10.742897240074326,13.5447629512754,5,1,1,0,1,0,0,0,0,0,0,0
DADJU,50,57.132859,33.0,5.0,1.8181818181818181,0.42424242424242425,2019.0,0.9090909090909091,12.032350011799583,15.385262497028343,5,1,1,0,0,0,1,0,0,0,0,0
ALPHA WANN,56,55.38256600000001,3.0,0.0,0.0,0.3333333333333333,2021.0,1.0,11.276342001289317,15.696055787365948,5,1,1,0,0,0,0,0,0,0,0,0
KAARIS,63,56.273844000000004,22.0,5.0,2.0454545454545454,0.18181818181818182,2017.0,0.8181818181818182,11.60320482959995,15.576704284823359,5,1,1,0,0,0,0,0,0,0,0,0
KEBLACK,50,51.42220100000001,14.0,5.0,2.142857142857143,0.21428571428571427,2018.0,0.7142857142857143,11.349559117691879,14.319554437599914,5,1,0,0,0,0,0,0,0,0,0,0
NEMIR,14,13.330514999999998,2.0,0.0,0.0,0.5,2018.5,1.0,10.591999004691544,13.47723389434341,5,1,1,0,0,0,0,0,0,0,0,0
GREEN MONTANA,52,50.53079699999999,5.0,2.0,1.2,0.4,2022.0,0.6,10.941712691189142,15.858323773350454,5,1,1,0,0,0,0,0,0,0,0,0
LA FOUINE,55,48.093647,7.0,2.0,0.5714285714285714,0.5714285714285714,2024.0,1.0,11.542192962650796,14.734148133844494,5,1,1,0,0,0,0,0,0,0,0,0
TIMAL,33,26.981276000000005,19.0,5.0,1.368421052631579,0.3157894736842105,2020.0,0.7894736842105263,10.666906786081405,14.431166897068683,0,1,0,0,0,0,0,0,0,0,0,0
LANDY,52,50.055432999999994,8.0,3.0,0.875,0.125,2020.0,0.75,10.727290118975121,13.757969364991387,5,1,1,0,1,0,0,0,0,0,0,0
DA UZI,45,39.17432800000002,8.0,5.0,1.125,0.25,2020.0,0.75,10.592952963693447,14.455235864528145,4,1,1,0,0,0,0,0,0,0,0,0
NEKFEU,55,63.52257500000001,37.0,6.0,2.4054054054054053,0.2972972972972973,2019.0,0.9459459459459459,11.82082919455998,16.477965376144443,5,1,1,0,0,0,0,0,0,0,0,0
ALONZO,37,37.81192000000001,17.0,5.0,1.8235294117647058,0.11764705882352941,2017.0,0.7647058823529411,11.452028306018923,14.323091122215322,5,1,1,0,0,0,0,0,0,0,0,0
FRANGLISH,46,44.214747,14.0,5.0,1.1428571428571428,0.35714285714285715,2021.0,0.7142857142857143,11.401535698744171,14.419650006506924,5,1,0,1,0,0,0,0,0,0,1,0
LACRIM,60,65.306452,38.0,5.0,1.4210526315789473,0.34210526315789475,2017.0,0.8421052631578947,11.573757124176472,15.136125747652322,5,1,1,0,0,0,0,0,0,0,0,0
NAZA,7,6.651457999999999,13.0,5.0,0.8461538461538461,0.15384615384615385,2018.0,0.8461538461538461,11.381049843656648,14.25806333667634,5,1,0,0,0,1,0,0,0,0,0,0
GENEZIO,38,35.83551199999999,1.0,2.0,2.0,1.0,2025.0,1.0,10.422400386484737,13.72952883251969,5,1,1,0,0,0,0,0,0,0,0,0
HAMZA,41,39.29685000000001,15.0,2.0,0.6666666666666666,0.13333333333333333,2023.0,0.8666666666666667,11.900362370559002,16.50214200654316,5,1,1,0,0,0,0,0,0,0,0,0
ANITTA,1,2.0,1.0,0.0,0.0,1.0,2017.0,1.0,14.028995615836635,18.9339852008713,5,1,0,1,0,1,1,0,0,0,0,0
BENAB,28,26.258063,5.0,2.0,0.4,0.4,2021.0,1.0,10.06130293769185,13.37231398721858,4,1,1,0,0,0,0,0,0,0,0,0
JUL,70,68.30636400000002,112.0,5.0,1.4821428571428572,0.125,2019.0,0.875,12.226086034928187,16.687375392111086,5,1,1,0,0,0,0,0,0,0,0,0
MAES,66,71.11763099999999,26.0,5.0,2.230769230769231,0.23076923076923078,2019.5,0.8846153846153846,11.623679409904762,15.733824114099829,5,1,1,0,0,0,0,0,0,0,0,0
JAZZY BAZZ,50,48.05348700000001,4.0,2.0,0.5,0.75,2020.0,0.75,11.021461194682857,15.082113595053162,5,1,1,0,0,0,0,0,0,0,0,0
GHETTO PHENOMENE,7,7.026802,1.0,2.0,2.0,1.0,2017.0,1.0,9.715469803197292,12.05845391930221,1,1,0,0,0,0,0,0,0,0,0,0
TAYC,12,14.148419000000002,17.0,5.0,1.6470588235294117,0.11764705882352941,2020.0,0.8823529411764706,12.052367699682097,15.416816495333823,5,1,1,0,0,0,1,0,0,0,1,0
GIMS,50,45.36676999999999,20.0,5.0,1.9,0.55,2024.0,0.9,12.960380774645888,16.38187552835747,5,1,1,0,0,0,1,0,0,0,0,0
MAITRE GIMS,28,26.178935000000003,24.0,5.0,2.0,0.375,2018.0,0.9583333333333334,10.86936812875028,13.446576491391195,5,1,1,0,0,0,0,0,0,0,0,0
PLK,32,27.500253999999998,42.0,5.0,1.9761904761904763,0.19047619047619047,2020.0,0.8571428571428571,11.900898474453845,16.297955764217466,5,1,1,0,0,0,0,0,0,0,0,0
FALLY IPUPA,2,3.543875,3.0,2.0,0.6666666666666666,1.0,2017.0,1.0,10.547654550874356,13.443679915867591,5,1,0,0,0,0,0,0,0,0,0,0
GUY2BEZBAR,36,42.95373899999999,9.0,5.0,0.5555555555555556,0.2222222222222222,2023.0,0.6666666666666666,10.95075391385265,14.666421454895627,1,1,0,0,0,0,0,0,0,0,0,0
NISKA,77,76.161479,45.0,5.0,2.088888888888889,0.2222222222222222,2018.0,0.9111111111111111,11.78991305475655,15.669651692738269,5,1,1,0,0,0,0,0,0,0,0,0
DOSSEH,14,14.471364000000001,11.0,5.0,1.6363636363636365,0.45454545454545453,2018.0,0.8181818181818182,10.987696610893494,14.414172868058431,5,1,0,0,0,0,0,0,0,0,0,0
WERENOI,36,32.11632300000001,37.0,5.0,1.864864864864865,0.24324324324324326,2023.0,0.8918918918918919,11.62041571114118,15.991041521215237,4,1,1,1,0,0,0,0,0,0,0,0
TIAKOLA,74,76.87302799999998,19.0,5.0,2.789473684210526,0.42105263157894735,2022.0,1.0,11.37648699374154,15.556710323310577,4,1,1,0,0,0,0,0,0,0,0,0
GLK,30,26.630157999999994,3.0,2.0,1.3333333333333333,0.6666666666666666,2019.0,1.0,10.186106830645446,13.022370651573114,5,1,1,0,0,0,0,0,0,0,0,0
SOOLKING,6,4.7027849999999995,17.0,5.0,1.8235294117647058,0.5882352941176471,2020.0,0.8823529411764706,12.151421086901406,15.337142523276032,5,1,1,0,0,0,0,0,0,0,0,0
MAFIA K'1 FRY,10,9.885383,2.0,0.0,0.0,0.0,2003.5,0.0,10.184824537428069,12.586250714411454,5,1,1,0,0,0,0,0,0,0,0,0
ROHFF,20,21.111241999999997,7.0,2.0,0.2857142857142857,0.0,2004.0,0.2857142857142857,11.303549208052376,14.361841926000682,5,1,1,0,0,0,0,0,0,0,0,0
KERY JAMES,15,16.158144,4.0,2.0,1.0,0.0,2008.5,0.0,10.81777628173961,13.79092171498965,5,1,1,0,0,0,0,0,0,0,0,0
PSY 4 DE LA RIME,9,10.230113999999999,1.0,0.0,0.0,0.0,2008.0,0.0,10.52862352247953,13.179543013241311,5,1,1,0,0,0,0,0,0,0,0,0
LUNATIC,17,12.289439000000002,2.0,0.0,0.0,0.0,2000.0,0.0,11.057487243283795,14.073757897977535,5,1,1,0,0,0,0,0,0,0,0,0
YOUSSOUPHA,21,17.302693000000005,5.0,5.0,1.8,0.2,2013.0,0.6,11.54645694817902,14.375579957288208,5,1,1,0,0,0,0,0,0,0,0,0
SINIK,16,17.843558,4.0,2.0,1.0,0.0,2006.0,0.0,10.893233186217124,13.730397015310894,5,1,1,0,0,0,0,0,0,0,0,0
OXMO PUCCINO,12,11.080282,1.0,0.0,0.0,0.0,1998.0,0.0,11.673912722056475,14.695257215289816,5,1,1,0,0,0,0,0,0,0,0,0
RIM'K,48,44.71681199999999,9.0,5.0,1.3333333333333333,0.2222222222222222,2017.0,0.5555555555555556,11.197556969613501,14.311798824539146,5,1,1,0,0,0,0,0,0,0,0,0
13 BLOCK,33,31.896912,5.0,2.0,0.4,0.0,2018.0,0.8,10.648230481739724,14.82752483873943,5,1,1,0,0,0,0,0,0,0,0,0
KEKRA,41,39.528165000000016,2.0,0.0,0.0,0.0,2021.0,0.5,10.862109539423722,15.979758558002935,5,1,1,0,0,0,0,0,0,0,0,0
1PLIKE140,45,40.951680999999994,6.0,5.0,1.1666666666666667,0.0,2020.0,0.6666666666666666,10.572982204430845,14.663596964510075,5,1,1,0,0,0,0,0,0,0,0,0
CHEU-B,10,6.121466000000002,0.0,0.0,0.0,0.0,2015.0,0.0,10.06343568035319,13.231633839250478,5,1,1,0,0,0,0,0,0,0,0,0
IKAZ BOI,27,17.242822000000004,2.0,0.0,0.0,1.0,2021.0,1.0,10.54707677424773,14.064090250261149,1,1,0,0,0,0,0,0,0,0,0,0
ATEYABA,31,25.903836999999996,1.0,0.0,0.0,0.0,2014.0,0.0,10.458119513239328,15.0938493725778,5,1,1,0,0,0,0,0,0,0,0,0
STAVO,6,3.3221529999999997,0.0,0.0,0.0,0.0,2015.0,0.0,0.0,0.0,0,0,0,0,0,0,0,0,0,0,0,0
LA FEVE,29,27.67143100000001,3.0,5.0,2.3333333333333335,0.0,2021.0,0.6666666666666666,11.062238070241076,16.262978286265003,5,1,1,0,0,0,0,0,0,0,0,0
FREEZE CORLEONE,41,38.16208400000001,7.0,2.0,0.5714285714285714,0.0,2021.0,0.7142857142857143,11.424148894579382,15.92497511451065,5,1,1,0,0,0,0,0,0,0,0,0
SIBOY,25,18.49863,1.0,5.0,5.0,1.0,2017.0,1.0,10.536406907545587,13.484610567502907,5,1,1,0,0,0,0,0,0,0,0,0
JOSMAN,77,67.77163899999996,19.0,5.0,1.8421052631578947,0.05263157894736842,2022.0,0.9473684210526315,11.43589322129926,16.45364839354586,5,1,1,0,0,0,0,0,0,0,0,0
JOLAGREEN23,15,9.575539999999998,0.0,0.0,0.0,0.0,2015.0,0.0,0.0,0.0,0,0,0,0,0,0,0,0,0,0,0,0
GRADUR,55,46.525093,13.0,5.0,1.6153846153846154,0.3076923076923077,2016.0,0.7692307692307693,11.24877761085195,14.25936141535577,5,1,1,0,0,0,0,0,0,0,0,0
DINOS,65,60.660954999999994,18.0,5.0,1.4444444444444444,0.2222222222222222,2020.0,0.7777777777777778,11.388314169720264,15.94580121414838,5,1,1,0,0,0,0,0,0,0,0,0
LAYLOW,62,57.54344499999999,15.0,5.0,1.8666666666666667,0.13333333333333333,2020.0,0.8,11.42036051357589,16.539745870643443,5,1,1,0,0,0,0,0,0,0,0,0
LESRAM,28,15.716357000000002,0.0,0.0,0.0,0.0,2015.0,0.0,0.0,0.0,0,0,0,0,0,0,0,0,0,0,0,0
GAMBINO LA MG,15,9.933695,0.0,0.0,0.0,0.0,2015.0,0.0,0.0,0.0,0,0,0,0,0,0,0,0,0,0,0,0
13 ORGANISE,15,9.532526,9.0,3.0,0.3333333333333333,0.0,2020.0,0.7777777777777778,10.0841827875855,12.445030489138741,1,1,1,0,0,0,0,0,0,0,0,0
LE CLASSICO ORGANISE,13,10.919384,3.0,5.0,1.6666666666666667,0.0,2021.0,1.0,9.998706819117062,12.804859694846709,4,1,1,0,0,0,0,0,0,0,0,0
SASSO,22,14.676607,5.0,5.0,2.0,0.4,2021.0,0.6,10.50078440743924,13.589213288905919,1,1,0,0,0,0,0,0,0,0,0,0
TK,13,8.755225999999999,2.0,0.0,0.0,0.5,2020.0,1.0,10.71123493111663,13.627545908832783,5,1,0,0,1,0,0,0,0,0,0,0
SOSO MANESS,28,21.211923,4.0,2.0,0.5,0.25,2020.5,0.5,10.80018763464528,13.910084102883365,5,1,1,0,0,0,0,0,0,0,0,0
RK,32,22.007222000000002,13.0,2.0,0.46153846153846156,0.15384615384615385,2019.0,0.7692307692307693,10.925182799100138,14.158702310841726,4,1,0,0,0,0,0,0,0,0,0,0
HEUSS L'ENFOIRE,65,60.344983000000006,8.0,5.0,3.125,0.25,2019.0,0.75,3.9318256327243257,6.192362489474872,0,1,0,0,0,0,0,0,0,0,0,0
BEENDO Z,24,18.80668,1.0,0.0,0.0,0.0,2022.0,0.0,10.367913153467802,14.090015441351419,3,1,1,0,0,0,0,0,0,0,0,0
KERCHAK,15,15.016009999999998,4.0,2.0,1.0,0.25,2022.0,0.75,10.915324799921489,14.795447037572396,5,1,1,0,0,0,0,0,0,0,0,0
MENACE SANTANA,12,10.646984000000002,3.0,2.0,0.6666666666666666,0.0,2021.0,1.0,10.919804598477407,15.458807334496287,5,1,1,0,0,0,0,0,0,0,0,0
J9UEVE,25,21.307596000000004,1.0,0.0,0.0,1.0,2022.0,1.0,10.392987389587367,14.885138496028565,5,1,1,0,0,0,0,0,0,0,0,0
FRESH LADOUILLE,22,18.452923,1.0,0.0,0.0,0.0,2021.0,1.0,9.433723894495,12.833662119092372,5,1,1,0,0,0,0,0,0,0,0,0
DIDDI TRIX,5,2.568778,0.0,0.0,0.0,0.0,2015.0,0.0,0.0,0.0,0,0,0,0,0,0,0,0,0,0,0,0
OBOY,48,44.98328699999998,13.0,5.0,1.7692307692307692,0.0,2020.0,0.8461538461538461,11.581583613777127,15.485771848931973,5,1,1,0,0,0,0,0,0,0,0,0
BU$HI,25,16.108952000000002,0.0,0.0,0.0,0.0,2015.0,0.0,0.0,0.0,0,0,0,0,0,0,0,0,0,0,0,0
THEODORA,14,9.086311,5.0,5.0,4.2,0.4,2024.0,0.8,11.551463252675308,15.777492855311658,5,1,0,1,1,0,0,0,0,0,0,0
VITAA,24,22.05675,14.0,6.0,2.4285714285714284,0.5714285714285714,2018.5,0.7142857142857143,11.605550224076051,14.43423479369489,5,1,0,1,0,0,1,0,0,0,0,0
LORENZO,15,11.401664,14.0,5.0,1.1428571428571428,0.14285714285714285,2018.0,0.9285714285714286,11.437220834219913,14.941552847366196,5,1,1,0,0,0,0,0,0,0,1,0
GEORGIO,33,26.793495,7.0,2.0,0.5714285714285714,0.42857142857142855,2016.0,0.5714285714285714,11.093417211859927,14.883485272725867,5,1,1,0,0,0,0,0,0,0,0,0
TSEW THE KID,21,18.705181000000003,4.0,0.0,0.0,0.0,2018.5,0.75,10.63344870621879,14.104200622221578,3,1,0,0,0,0,0,0,0,0,0,0
LUJIPEKA,19,15.785874999999999,4.0,2.0,1.0,0.0,2020.5,0.5,10.47041937008599,14.304203449847673,2,1,0,0,0,0,0,0,0,0,0,0
HUGO TSR,16,9.135280000000002,4.0,0.0,0.0,0.0,2014.5,0.5,10.575257867336488,14.637425113716835,5,1,1,0,0,0,0,0,0,0,0,0
LUV RESVAL,48,42.367939999999976,5.0,2.0,0.8,0.0,2021.0,1.0,10.779456164931679,15.479224322535297,5,1,1,0,0,0,0,0,0,0,0,0
VALD,44,44.573668,20.0,5.0,1.75,0.15,2018.0,0.8,11.334038004910555,16.422188059268734,5,1,1,0,0,0,0,0,0,0,0,0
4KEUS,26,22.2131,6.0,5.0,1.1666666666666667,0.5,2019.0,1.0,10.223721516281632,13.29753107291004,5,1,1,0,0,0,0,0,0,0,0,0
4KEUS GANG,10,6.677651000000001,4.0,5.0,1.75,0.25,2017.5,1.0,9.448096635658239,11.928215483525497,5,1,1,0,0,0,0,0,0,0,0,0
RSKO,27,24.226575000000008,4.0,0.0,0.0,0.5,2023.0,1.0,10.340903421876119,13.835705265249793,1,1,0,0,0,0,0,0,0,0,0,0
BOLEMVN,51,46.175371999999996,6.0,2.0,0.6666666666666666,0.5,2020.0,0.8333333333333334,10.11476093127985,13.095325115929338,4,1,1,0,0,0,0,0,0,0,0,0
A2H,34,25.482307999999993,1.0,5.0,5.0,0.0,2020.0,1.0,10.58529568842608,13.654852249378537,5,1,1,0,0,0,0,0,0,0,0,0
SQUIDJI,30,18.753116,1.0,2.0,2.0,0.0,2018.0,1.0,10.216398679033684,13.431763887873249,5,1,1,1,1,0,1,0,0,0,0,0
JOK'AIR,41,37.35488999999999,6.0,5.0,1.1666666666666667,0.16666666666666666,2019.0,0.8333333333333334,11.182391561495495,15.149892749022037,5,1,1,0,0,1,1,0,0,0,0,0
DAMSO,56,50.22805499999998,64.0,6.0,2.203125,0.09375,2018.0,0.9375,12.033212191025715,16.922671632830944,5,1,1,0,0,0,0,0,0,0,0,0
ISHA,30,24.417497,0.0,0.0,0.0,0.0,2015.0,0.0,10.69335301197251,14.787219345689133,5,1,1,0,0,0,0,0,0,1,0,0
LUIDJI,40,32.712571000000004,5.0,5.0,2.2,0.0,2022.0,0.8,11.484299627381786,15.635111822239733,5,1,1,0,0,0,1,0,0,0,0,0
S-CREW,23,21.622818,6.0,2.0,0.3333333333333333,0.16666666666666666,2022.0,0.8333333333333334,10.739218776551866,14.534720144226812,5,1,1,0,0,0,0,0,0,0,0,0
DISIZ,37,31.226924,3.0,2.0,1.3333333333333333,0.0,2017.0,0.3333333333333333,11.71023415157243,15.585117460951167,5,1,1,0,0,0,0,0,0,0,0,0
DOUMS,40,34.24816099999999,0.0,0.0,0.0,0.0,2015.0,0.0,10.452446760283022,13.789540229442448,5,1,1,0,0,0,0,0,0,0,0,0
DEEN BURBIGO,34,28.388709999999996,2.0,0.0,0.0,0.5,2017.0,0.5,10.431288280508081,14.25126559256326,5,1,1,0,0,0,0,0,0,0,0,0
NEPAL,38,43.25941100000001,5.0,5.0,1.8,0.2,2019.0,0.8,8.62998601889136,11.076867119777233,5,1,0,0,1,0,0,0,1,0,0,0
DJ ERISE,3,3.7479999999999998,2.0,0.0,0.0,0.5,2017.0,1.0,9.212138753917563,11.13359583046669,2,1,0,0,0,0,0,0,0,0,0,0
ELAMS,6,6.0008420000000005,0.0,0.0,0.0,0.0,2015.0,0.0,9.16837188715368,11.594855621061042,5,1,1,0,0,0,0,0,0,0,0,0
FABABY,3,3.310113,2.0,0.0,0.0,0.0,2015.5,1.0,9.870551052289864,11.887594539114565,5,1,1,0,0,0,0,0,0,0,0,0
VIANNEY,13,11.156051000000001,17.0,5.0,2.3529411764705883,0.23529411764705882,2020.0,0.7058823529411765,11.569003295189933,14.230450636434957,5,1,0,1,0,0,0,1,0,0,0,0
PIERRE GARNIER,16,14.098076999999996,3.0,5.0,3.6666666666666665,0.0,2024.0,0.6666666666666666,10.171183730899397,13.376617923743591,5,1,0,1,0,0,0,0,0,0,0,0
NIRO,40,35.550342,17.0,5.0,0.7647058823529411,0.11764705882352941,2018.0,0.6470588235294118,11.052270005116814,14.636824894321931,5,1,1,0,0,0,0,0,0,0,0,0
NAHIR,45,41.125212000000005,2.0,5.0,2.5,1.0,2022.0,1.0,10.510423036277007,13.533267003262075,4,1,1,0,0,0,0,0,0,0,0,0
LARTISTE,38,39.55616700000001,14.0,5.0,2.0,0.21428571428571427,2016.0,0.6428571428571429,11.503046831546738,14.107092266940166,5,1,1,0,0,0,0,0,0,0,0,0
MISTER YOU,33,25.525634000000004,2.0,2.0,1.0,0.0,2018.5,0.5,10.657917961512972,13.76458666902234,5,1,1,0,0,0,0,0,0,0,0,0
ZOLA,15,10.579302,19.0,5.0,1.631578947368421,0.21052631578947367,2020.0,0.9473684210526315,11.7009391243007,15.695870169203937,5,1,1,0,0,0,0,0,0,0,0,0
L'ALGERINO,23,27.693359,6.0,2.0,0.3333333333333333,0.16666666666666666,2017.5,0.6666666666666666,10.840266950837599,13.491210143252811,5,1,1,0,0,0,0,0,0,0,0,0
SEXION D'ASSAUT,29,17.764011,0.0,0.0,0.0,0.0,2015.0,0.0,0.0,0.0,0,0,0,0,0,0,0,0,0,0,0,0
JUNGLE JACK,17,9.938582999999998,0.0,0.0,0.0,0.0,2015.0,0.0,0.0,0.0,0,0,0,0,0,0,0,0,0,0,0,0
INFINIT',16,9.232191000000002,0.0,0.0,0.0,0.0,2015.0,0.0,0.0,0.0,0,0,0,0,0,0,0,0,0,0,0,0
MAIRO,15,8.039562,0.0,0.0,0.0,0.0,2015.0,0.0,0.0,0.0,0,0,0,0,0,0,0,0,0,0,0,0
JEANJASS,13,10.757512000000002,0.0,0.0,0.0,0.0,2015.0,0.0,10.435262205052501,14.214572543098567,5,1,1,0,0,0,0,0,0,0,0,0
YVNNIS,21,11.350813999999998,0.0,0.0,0.0,0.0,2015.0,0.0,0.0,0.0,0,0,0,0,0,0,0,0,0,0,0,0
PRINCE WALY,15,8.305378000000001,0.0,0.0,0.0,0.0,2015.0,0.0,0.0,0.0,0,0,0,0,0,0,0,0,0,0,0,0
ROUNHAA,24,15.166615000000004,0.0,0.0,0.0,0.0,2015.0,0.0,0.0,0.0,0,0,0,0,0,0,0,0,0,0,0,0
KENDJI GIRAC,20,20.138138000000005,21.0,7.0,2.5238095238095237,0.14285714285714285,2016.0,0.6190476190476191,11.706673160766355,14.605187628724755,5,1,0,1,0,1,0,0,0,0,1,0
M. POKORA,16,16.475262,9.0,5.0,1.7777777777777777,0.1111111111111111,2019.0,0.6666666666666666,11.737667737648135,14.790084160129084,5,1,1,1,0,0,1,0,0,0,0,0
ZAHO,27,20.006350000000005,3.0,2.0,0.6666666666666666,0.3333333333333333,2008.0,0.6666666666666666,11.456598470111594,14.275069834348061,5,1,1,0,0,0,1,0,0,0,0,0
AMIR,3,2.4920999999999998,10.0,5.0,2.7,0.0,2017.0,0.6,11.64907218464357,14.294203203137863,5,1,0,1,0,1,0,0,0,0,0,0
AMK,29,20.657997,2.0,2.0,1.0,0.0,2023.0,1.0,10.259622350622351,13.421995265555,5,1,0,0,0,0,0,0,0,0,0,0
DADI,16,11.120111,1.0,0.0,0.0,0.0,2024.0,1.0,9.830325286907144,12.572405303256451,3,1,1,0,0,0,0,0,0,0,0,0
YORSSY,30,24.204817999999996,2.0,5.0,2.5,0.0,2024.0,1.0,10.08138266037717,13.042523315863345,5,1,1,0,0,0,0,0,0,0,0,0
STARE DOBRE MAŁZENSTWO,11,7.7145600000000005,0.0,0.0,0.0,0.0,2015.0,0.0,0.0,0.0,0,0,0,0,0,0,0,0,0,0,0,0
FAVE,36,27.18778,3.0,5.0,2.3333333333333335,0.3333333333333333,2023.0,1.0,11.041977389875884,14.756880169281569,5,1,1,0,0,0,0,0,0,0,0,0
VEN1,27,20.446042000000006,5.0,5.0,1.4,0.0,2024.0,0.8,10.223866701574616,13.648293550939071,0,1,0,0,0,0,0,0,0,0,0,0
LA MANO 1.9,30,24.399524,1.0,2.0,2.0,1.0,2024.0,1.0,10.599779782240146,14.10608843352808,0,1,0,0,0,0,0,0,0,0,0,0
R2,18,14.211078,1.0,2.0,2.0,0.0,2025.0,1.0,10.854025109805466,13.773612985217087,5,1,0,0,1,1,1,0,0,0,0,0
TKS 2G,15,8.592965000000001,2.0,2.0,1.0,0.5,2025.0,1.0,9.773151050808124,12.552636645718177,0,1,0,0,0,0,0,0,0,0,0,0
DJ KAWEST,28,19.416757,0.0,0.0,0.0,0.0,2015.0,0.0,10.424570390754766,12.826434056364466,2,1,1,0,0,0,0,0,0,0,0,0
GP EXPLORER,20,15.020297999999997,1.0,2.0,2.0,1.0,2025.0,1.0,10.623787731088578,13.719489625635205,0,1,0,0,0,0,0,0,0,0,0,0
VLADIMIR CAUCHEMAR,5,2.338941,2.0,0.0,0.0,0.5,2019.0,1.0,11.595942207353573,14.12381036659718,5,1,0,0,0,1,0,0,0,0,0,1
BEKAR,29,22.843303,1.0,0.0,0.0,1.0,2024.0,1.0,10.828440657488935,15.24189520597167,3,1,0,0,0,0,0,0,0,0,0,0
ASHH,24,16.686635000000003,3.0,5.0,2.3333333333333335,0.0,2017.0,0.6666666666666666,10.398488625955148,13.51161373408508,0,1,0,0,0,0,0,0,0,0,0,0
MADEINPARIS,31,22.342905,2.0,0.0,0.0,0.5,2022.5,1.0,10.556333436322548,14.125192107575431,2,1,1,0,0,0,0,0,0,0,0,0
YG PABLO,25,19.20624,2.0,5.0,2.5,0.5,2021.0,1.0,10.947766843877893,14.081157122095439,1,1,0,0,0,0,0,0,0,0,0,0
PNL,26,18.386109000000005,50.0,7.0,2.94,0.0,2016.0,0.94,12.134453113102051,17.13240151912299,5,1,1,0,0,0,0,0,0,0,0,0
AYA NAKAMURA,17,15.093814,40.0,5.0,2.1,0.225,2018.0,0.9,13.142499282490629,16.343784041420818,5,1,1,1,0,0,1,0,0,0,0,0
RONISIA,7,6.522151,6.0,2.0,0.3333333333333333,0.3333333333333333,2021.0,0.8333333333333334,10.321144701409654,13.358898460554922,5,1,0,1,0,0,1,0,0,0,0,0
WEJDENE,12,10.373071999999999,6.0,5.0,2.8333333333333335,0.0,2020.0,1.0,10.486512900336537,13.315415488650649,5,1,1,1,0,0,1,0,0,0,0,0
KALASH,6,2.881782,11.0,5.0,1.3636363636363635,0.2727272727272727,2017.0,0.7272727272727273,11.63177459880861,14.751199129336728,5,1,1,0,0,0,0,0,0,0,1,0
WALLACE CLEAVER,23,13.714185000000002,0.0,0.0,0.0,0.0,2015.0,0.0,0.0,0.0,0,0,0,0,0,0,0,0,0,0,0,0
THEODORT,29,23.323787,2.0,5.0,2.5,0.0,2024.0,1.0,10.379566439972283,13.652625679162279,3,1,1,0,0,0,0,0,0,0,0,0
B.B. JACQUES,15,8.425883999999998,0.0,0.0,0.0,0.0,2015.0,0.0,0.0,0.0,0,0,0,0,0,0,0,0,0,0,0,0
BRAMSITO,39,37.50839700000001,2.0,2.0,1.0,0.5,2018.5,1.0,10.158556036634712,12.92998663626027,5,1,0,1,0,0,1,0,0,0,0,0
BOUSS,36,28.969823,5.0,5.0,2.4,0.0,2024.0,1.0,10.279352190868002,14.116385224202038,4,1,0,0,0,0,0,0,0,0,0,0
DJADJA & DINAZ,10,5.958461,48.0,5.0,1.625,0.020833333333333332,2019.0,0.9166666666666666,0.0,0.0,0,0,0,0,0,0,0,0,0,0,0,0
KOFS,30,19.620830999999995,1.0,0.0,0.0,0.0,2017.0,1.0,10.921702904132209,13.319655645128105,1,1,0,0,0,0,0,0,0,0,0,0
LYNA MAHYEM,17,15.199199000000004,4.0,0.0,0.0,0.25,2020.5,0.75,9.810000709442663,12.302155254207218,2,1,1,0,0,0,0,0,0,0,0,0
DTF,19,13.499009000000001,7.0,5.0,2.5714285714285716,0.0,2017.0,0.5714285714285714,11.153188695567094,15.09619548355947,5,1,1,0,0,0,0,0,0,0,0,0
SOPRANO,20,18.687997000000003,21.0,6.0,2.0476190476190474,0.047619047619047616,2017.0,0.6190476190476191,11.831219183287397,14.70078893970781,5,1,1,0,0,0,0,0,0,0,0,0
RILES,17,10.620463999999998,10.0,5.0,1.2,0.0,2017.0,0.9,11.655119230673403,15.071726984972749,5,1,1,0,0,0,1,0,0,0,0,0
TAL,11,8.425394,5.0,2.0,0.8,0.0,2016.0,0.6,11.186682728151698,13.75460914784549,5,1,0,1,0,0,0,0,0,0,0,0
L'ALLEMAND,4,3.148879,0.0,0.0,0.0,0.0,2015.0,0.0,0.0,0.0,0,0,0,0,0,0,0,0,0,0,0,0
LA FAMAX,5,4.75268,1.0,0.0,0.0,0.0,2017.0,1.0,8.450412157725886,10.63021456635927,0,1,0,0,0,0,0,0,0,0,0,0
MRC,4,2.286695,2.0,0.0,0.0,0.0,2016.0,0.5,9.103756886573398,11.477422631927574,1,1,1,0,0,0,0,0,0,0,0,0
BLACK M,23,18.941740000000003,5.0,5.0,1.0,0.2,2016.0,0.8,11.726244917463672,14.233151242002572,5,1,1,0,0,0,0,0,0,0,0,0
COLONEL REYEL,14,7.805037999999999,0.0,0.0,0.0,0.0,2015.0,0.0,0.0,0.0,0,0,0,0,0,0,0,0,0,0,0,0
GAULOIS,7,3.854144,0.0,0.0,0.0,0.0,2015.0,0.0,0.0,0.0,0,0,0,0,0,0,0,0,0,0,0,0
KAZA,27,21.437293999999998,8.0,5.0,0.875,0.0,2020.0,0.75,10.523956507598088,13.925546327570483,5,1,1,0,0,0,0,0,0,0,0,0
MAC TYER,21,12.234658999999999,0.0,0.0,0.0,0.0,2015.0,0.0,0.0,0.0,0,0,0,0,0,0,0,0,0,0,0,0
RIDSA,25,23.189838000000005,13.0,2.0,0.6153846153846154,0.07692307692307693,2017.0,0.7692307692307693,10.771595935483736,13.32488617484806,5,1,0,0,0,0,0,0,0,0,0,0
BOSH,4,2.616457,3.0,5.0,4.0,0.0,2020.0,1.0,10.735178542544132,13.491731422015317,3,1,1,0,0,0,0,0,0,0,0,0
JEY BROWNIE,4,3.21166,0.0,0.0,0.0,0.0,2015.0,0.0,10.177476297855906,12.971461414776124,5,1,1,0,0,0,1,0,0,0,1,0
VEGEDREAM,16,11.826858,12.0,5.0,1.25,0.3333333333333333,2018.0,0.9166666666666666,12.377324828909655,14.94718392298539,4,1,1,0,0,0,1,0,0,0,0,0
LE CLUB,6,5.465657,2.0,0.0,0.0,0.0,2017.0,1.0,9.684584995479172,12.098181151870214,5,1,0,0,1,0,1,0,0,0,0,0
DJ LESKA,26,18.889702000000003,2.0,2.0,1.0,1.0,2020.0,1.0,10.194140208432742,12.249697109462101,1,1,0,0,0,0,0,0,0,0,0,0
BRULUX,28,21.619677,2.0,5.0,2.5,0.0,2017.0,1.0,9.827254246536539,12.69217413120887,0,1,0,0,0,0,0,0,0,0,0,0
SADEK,32,29.448321000000004,10.0,5.0,1.2,0.4,2017.0,0.9,10.474495347310453,13.924816878684243,5,1,1,0,0,0,0,0,0,0,0,0
HAYCE LEMSI,31,24.780192,3.0,0.0,0.0,0.3333333333333333,2017.0,0.6666666666666666,9.852562611350837,13.040532739001465,5,1,1,0,0,0,0,0,0,0,0,0
NIAKS,25,20.279954,6.0,2.0,0.3333333333333333,0.0,2022.5,0.6666666666666666,9.923927231773584,13.55564207643791,0,1,0,0,0,0,0,0,0,0,0,0
ZKR,28,24.964802,9.0,5.0,1.2222222222222223,0.1111111111111111,2021.0,0.7777777777777778,10.402776888483789,14.094208392744552,1,1,1,0,0,0,0,0,0,0,0,0
CABALLERO,17,12.474035,0.0,0.0,0.0,0.0,2015.0,0.0,10.419629022124354,13.945360055725093,5,1,1,0,0,1,0,0,0,0,0,0
LIMSA D'AULNAY,12,8.745311,0.0,0.0,0.0,0.0,2015.0,0.0,9.475700145423472,13.28502289701885,5,1,1,0,0,0,0,0,0,0,0,0
JUNGELI,10,8.091016000000002,0.0,0.0,0.0,0.0,2015.0,0.0,10.95399444252939,13.386526023813198,1,1,0,0,0,0,0,0,0,0,0,0
SO LA LUNE,24,17.260358999999998,1.0,2.0,2.0,0.0,2021.0,1.0,10.229295989560153,15.71096390478017,1,1,0,0,0,0,0,0,0,0,0,0
CHILLA,20,10.542686,1.0,0.0,0.0,0.0,2022.0,1.0,10.322789817432314,13.231814913415185,5,1,1,0,0,0,1,0,0,0,0,0
MISTER V,29,23.203026,7.0,2.0,1.4285714285714286,0.5714285714285714,2017.0,0.8571428571428571,10.803201648005482,14.38696682705797,5,1,1,0,0,0,0,0,0,0,0,0
JEWEL USAIN,10,4.855562,0.0,0.0,0.0,0.0,2015.0,0.0,0.0,0.0,0,0,0,0,0,0,0,0,0,0,0,0
HATIK,34,27.419738000000002,6.0,5.0,2.5,0.0,2019.5,0.6666666666666666,10.749291440359002,13.74884818304511,5,1,1,0,0,0,0,0,0,0,0,0
CHILY,22,15.162263,2.0,0.0,0.0,0.5,2020.0,0.5,10.194401895568575,12.85508505872554,1,1,0,0,0,0,0,0,0,0,0,0
NONO LA GRINTA,32,25.512027000000003,4.0,5.0,1.75,0.25,2025.0,0.75,10.803181313502913,14.094933114329626,0,1,0,0,0,0,0,0,0,0,0,0
KULTURR,18,11.739588999999999,1.0,0.0,0.0,1.0,2025.0,1.0,9.595058406939557,12.161033437719894,0,1,0,0,0,0,0,0,0,0,0,0
RNBOI,18,11.558043000000003,0.0,0.0,0.0,0.0,2015.0,0.0,10.87676334989294,13.929232023265971,5,1,1,0,0,0,1,0,0,0,0,0
KEEN'V,18,17.172667,9.0,2.0,1.1111111111111112,0.0,2017.0,0.4444444444444444,9.756031083068253,12.297493453341799,5,1,0,1,0,1,0,1,0,0,0,0
CORNEILLE,17,11.878297,1.0,5.0,5.0,1.0,2024.0,1.0,11.325088727488163,13.749554499261563,5,1,0,0,0,0,1,1,0,0,0,0
MATT,12,7.803459,6.0,2.0,0.3333333333333333,0.0,2001.0,0.5,10.412862124034804,12.347680708861866,5,1,0,0,0,0,1,0,0,0,0,0
MMZ,7,6.397368999999999,3.0,2.0,0.6666666666666666,0.0,2017.0,0.6666666666666666,9.94193873891038,13.772323268337734,2,1,0,0,0,0,0,0,0,0,0,0
GUIZMO,33,28.601793999999998,1.0,2.0,2.0,0.0,2016.0,1.0,10.784047474454484,14.351046745379028,5,1,1,0,0,0,0,0,0,0,0,0
KRISY,18,13.948555,0.0,0.0,0.0,0.0,2015.0,0.0,10.93891151924848,14.124899326175745,5,1,1,0,0,0,0,0,0,0,0,0
LEFA,8,6.460724,8.0,2.0,1.0,0.375,2019.0,0.625,10.879272856195923,14.675965060350917,1,1,0,0,0,0,0,0,0,0,0,0
DAU,17,8.500281,1.0,0.0,0.0,0.0,2023.0,1.0,9.709113657218,12.74508331282918,3,1,0,0,0,0,0,0,0,0,0,1
GROS MO,8,7.031783,1.0,0.0,0.0,1.0,2022.0,1.0,10.180891990576775,13.07975645751882,2,1,1,0,0,0,0,0,0,0,0,0
DENDEN,22,13.752346000000003,1.0,0.0,0.0,0.0,2024.0,1.0,9.762557428101923,12.38561116660362,1,1,0,0,0,0,0,0,0,0,0,0
TRIANGLE DES BERMUDES,30,20.14643699999999,2.0,5.0,2.5,0.0,2024.0,1.0,10.83683203897611,13.130218445419661,5,1,1,0,0,0,0,0,0,0,1,0
DIAM'S,20,15.816071999999998,7.0,5.0,1.8571428571428572,0.0,2003.5,0.42857142857142855,11.635426243445643,14.218113574192182,5,1,1,0,0,0,0,0,0,0,0,0
MEDINE,9,5.771978999999999,0.0,0.0,0.0,0.0,2015.0,0.0,0.0,0.0,0,0,0,0,0,0,0,0,0,0,0,0
DJ HAMIDA,7,5.245762,3.0,0.0,0.0,0.3333333333333333,2017.0,0.3333333333333333,10.47627337642489,13.114063024588432,5,1,1,0,0,0,0,0,0,0,0,0
MARWA LOUD,16,13.100061,11.0,5.0,1.1818181818181819,0.18181818181818182,2018.0,0.8181818181818182,11.89123175523562,14.259354358158792,5,1,1,0,0,0,1,0,0,0,0,0
DJ KAYZ,5,3.946319,3.0,2.0,1.3333333333333333,0.6666666666666666,2018.0,0.6666666666666666,10.535716318126656,12.94345678298317,5,1,0,0,0,0,0,0,0,0,0,0
JOE DWET FILE,9,6.696599000000001,5.0,5.0,1.4,0.4,2021.0,1.0,7.175489713624222,10.14218944276619,2,1,0,0,0,0,0,0,0,0,0,0
DJANGO,29,22.666263999999998,2.0,0.0,0.0,0.0,2016.5,1.0,11.055245585413324,14.372284597669537,5,1,1,0,0,0,0,0,0,0,0,0
LE RAT LUCIANO,15,9.463877999999998,0.0,0.0,0.0,0.0,2015.0,0.0,9.647239545573877,11.938683276346156,5,1,1,0,0,0,0,0,0,0,0,0
STILL FRESH,28,19.772791,4.0,2.0,0.5,0.0,2017.0,0.5,10.282608685304691,12.947833784259995,5,1,1,0,0,0,0,0,0,0,0,0
YA LEVIS,2,2.3161829999999997,1.0,0.0,0.0,0.0,2021.0,1.0,10.313376195704071,13.072670906278384,5,1,0,0,0,0,1,0,0,0,0,0
MOHA LA SQUALE,29,18.429902,7.0,5.0,2.142857142857143,0.0,2018.0,0.8571428571428571,10.893493322232564,14.201932830061743,5,1,1,0,0,0,0,0,0,0,0,0
GHOST KILLER TRACK,18,10.333872,0.0,0.0,0.0,0.0,2015.0,0.0,11.155807565798453,14.034805111380617,0,1,0,0,0,0,0,0,0,0,0,0
GIANNI,28,17.195926000000004,1.0,2.0,2.0,1.0,2023.0,1.0,10.617000927048924,13.014856114688596,5,1,1,0,0,0,0,0,0,0,0,0
KPOINT,19,12.161455,2.0,5.0,2.5,1.0,2019.0,1.0,9.944293546928382,12.480361680308437,1,1,1,0,0,0,0,0,0,0,0,0
H.E.M,23,12.70794,1.0,0.0,0.0,0.0,2024.0,1.0,9.165343006045447,11.637644391627724,0,1,0,0,0,0,0,0,0,0,0,0
JYEUHAIR,26,14.826519000000001,1.0,0.0,0.0,0.0,2024.0,1.0,9.439068301584292,12.573001339632315,5,1,1,1,0,1,0,0,0,0,0,0
ALKPOTE,4,2.078014,0.0,0.0,0.0,0.0,2015.0,0.0,0.0,0.0,0,0,0,0,0,0,0,0,0,0,0,0
HMZ,16,10.298939,1.0,0.0,0.0,1.0,2025.0,1.0,9.243678431586693,11.869851377413731,0,1,0,0,0,0,0,0,0,0,0,0
IMEN ES,8,8.920942,5.0,2.0,1.2,0.2,2020.0,0.6,9.925493632798743,12.499838673137196,5,1,1,0,0,0,1,0,0,0,0,0
ISK,7,5.119580000000001,2.0,0.0,0.0,0.0,2021.0,0.5,9.740615619563487,13.002049391593983,3,1,1,0,0,0,0,0,0,0,0,0
LOGOBI GT,18,10.277647,2.0,2.0,1.0,0.5,2010.5,1.0,9.917242517768464,11.983447709711697,5,1,0,0,0,1,0,0,0,0,0,0
JKSN,23,19.066633000000003,0.0,0.0,0.0,0.0,2015.0,0.0,9.664532150174582,12.721969389403968,0,1,0,0,0,0,0,0,0,0,0,0
ZOKUSH,28,15.751148,1.0,0.0,0.0,0.0,2022.0,1.0,9.521641310026597,12.520018047569776,0,1,0,0,0,0,0,0,0,0,0,0
LA RVFLEUZE,22,17.739375999999996,0.0,0.0,0.0,0.0,2015.0,0.0,10.553570643625047,14.216158080118136,0,1,0,0,0,0,0,0,0,0,0,0
MANAU,8,4.49273,5.0,5.0,1.4,0.0,1998.0,0.8,11.70258668706757,14.25615939540692,5,1,1,0,0,0,0,0,0,0,0,0
TIMAR,19,12.021859000000001,0.0,0.0,0.0,0.0,2015.0,0.0,9.371353167823885,12.97791778383879,0,1,0,0,0,0,0,0,0,0,0,0
MONSIEUR NOV,4,2.634791,0.0,0.0,0.0,0.0,2015.0,0.0,9.98432994038023,13.120092801596972,5,1,0,0,0,0,1,0,0,0,0,0
LIVAI,18,12.237253000000003,1.0,0.0,0.0,0.0,2020.0,1.0,9.981697813072689,13.44213696440249,0,1,0,0,0,0,0,0,0,0,0,0
LORD ESPERANZA,16,12.295528000000003,1.0,0.0,0.0,0.0,2017.0,1.0,10.07200594918639,13.07871029580292,5,1,1,0,0,0,0,0,0,0,0,0
M POKORA,11,8.125223000000002,10.0,5.0,1.0,0.1,2006.5,0.4,11.737667737648135,14.790084160129084,5,1,1,1,0,0,1,0,0,0,0,0
NEJ,12,9.500731,3.0,2.0,0.6666666666666666,0.0,2021.0,0.6666666666666666,11.806385810998151,14.626601650128263,5,1,0,1,0,0,1,0,0,0,0,0
MC MENOR JP,14,8.463057,1.0,2.0,2.0,0.0,2024.0,1.0,10.980876204752612,13.013822253414654,1,1,0,0,0,0,0,0,0,0,0,0
ZEG P,27,15.928387000000004,1.0,5.0,5.0,1.0,2022.0,1.0,10.788225695897177,13.29104060559549,0,1,0,0,0,0,0,0,0,0,0,0
NASSI,13,8.462513,1.0,0.0,0.0,0.0,2017.0,1.0,9.618535084655214,11.795145145687446,1,1,0,0,0,0,0,0,0,0,0,0
NUSKY,13,7.407736,1.0,0.0,0.0,0.0,2018.0,1.0,9.388821229384199,12.364916580500124,1,1,1,0,0,0,0,0,0,0,0,0
YOURI,17,10.350348,0.0,0.0,0.0,0.0,2015.0,0.0,9.374073563958785,12.75055449088088,0,1,0,0,0,0,0,0,0,0,0,0
PONKO,25,14.733366000000004,1.0,0.0,0.0,1.0,2024.0,1.0,9.197255132427527,11.468618237408252,0,1,0,0,0,0,0,0,0,0,0,0
PRIME,23,14.038572000000002,2.0,0.0,0.0,0.0,2019.5,1.0,10.495238571215703,13.391666588523977,5,1,1,0,0,0,0,0,0,0,0,0
WIZTHEMC,9,5.445548,0.0,0.0,0.0,0.0,2015.0,0.0,13.407435547020706,15.784934367078732,5,1,1,0,0,0,0,0,0,0,0,0
YL,11,5.86777,6.0,2.0,0.6666666666666666,0.16666666666666666,2019.0,0.8333333333333334,10.557556009861747,13.70243704009929,5,1,1,0,0,0,0,0,0,0,0,0
